hard_text,profession,gender
"In addition to English, he speaks Spanish. Dr. Capone's clinical interests include dermabrasion, breast augmentation, and labiaplasty. He is affiliated with UPMC Shadyside. He graduated from George Washington University School of Medicine and Health Sciences and Georgetown University School of Medicine and then he performed his residency at Tufts Medical Center, Children's Hospital of Pittsburgh, and UPMC Presbyterian. He has received a 4.0 out of 5 star rating by his patients. Dr. Capone is in-network for United Healthcare Platinum, United Healthcare Navigate, and Coventry, in addition to other insurance carriers.",physician,Male
"In his practice, he is particularly interested in refractive surgery (vision correction surgery) and cataracts. Dr. Lehmann is an in-network provider for Blue Cross/Blue Shield, Blue Cross Blue Shield Bronze, and Blue Cross Blue Shield HMO, in addition to other insurance carriers. He attended medical school at Medical College of Wisconsin. His medical residency was performed at a hospital affiliated with Baylor College of Medicine. Dr. Lehmann has received the following distinction: Texas Super Doctors.",physician,Male
"Prior to this, he was a Consultant Anesthetist with special interest in Obstetric, Regional and General Anesthesia at the George Eliot Hospital NHS Trust, UK.",physician,Male
"He has received a 4.0 out of 5 star rating by his patients. Dr. Shobassy takes several insurance carriers, including Blue Cross/Blue Shield, Blue Cross Blue Shield Bronze, and Blue Cross Blue Shield HMO.",physician,Male
"He studied medicine at Philadelphia College of Osteopathic Medicine. For his residency, Dr. Nolt trained at York Hospital. He is in-network for Blue Cross/Blue Shield, Coventry, HealthSmart, and more. Dr. Nolt is professionally affiliated with Penn Presbyterian Medical Center.",physician,Male
"His average patient rating is 4.5 stars out of 5. Dr. Flores is in-network for Blue Cross/Blue Shield, Blue Cross Blue Shield Bronze, and Blue Cross Blue Shield HMO, in addition to other insurance carriers.",physician,Male
"He practices in San Diego, California and has the professional credentials of MD. The NPI Number for John Tueller is 1124090584 and he holds a License No. G49824 (California).",physician,Male
"Mr. John Damon Huse's NPI Number is #1437487725 and has been listed in the NPI registry for 7 years. Mr. John Damon Huse's practice location is listed as: 82D Airborne Division Robinson Health Clinic Fort Bragg, NC 28310-0001 and can be reached via phone at (910) 907-9446.",physician,Male
"In addition to English, Dr. Khan (or staff) speaks Urdu. He is affiliated with Sutter Medical Network, Sutter East Bay Medical Foundation HMO Network, and Alta Bates Summit Medical Center - Alta Bates Campus. Before completing his residency at a hospital affiliated with the University of California, San Francisco (UCSF), Dr. Khan attended medical school at the University of California, Los Angeles (UCLA), David Geffen School of Medicine. He has received a 3.0 out of 5 star rating by his patients. He honors Anthem, Blue Cross/Blue Shield, and CIGNA Plans, in addition to other insurance carriers. Dr. Khan has an open panel.",physician,Male
"His career path was brought about by his failure to succeed in professional football. Last week the cover of the New York Times Sunday Magazine featured a story about the hard life of an NFL longshot. This week, Christopher Nyte wrote the following comment:",physician,Male
"He graduated from B.J. Medical College, Pune. Dr. Bhatia's training includes a residency program at St. Luke's-Roosevelt Hospital Center. His areas of expertise include the following: heart failure, heart valve disease, and atrial fibrillation. He honors Medicare insurance. In addition to English, Dr. Bhatia (or staff) speaks Hindi and Punjabi. Dr. Bhatia is professionally affiliated with North Everett Clinic.",physician,Male
"Edward D Simmons. He has been involved in Orthopaedic spine surgery since 2003, and is very knowledgeable and capable in diagnosing and treating a wide variety of spinal disorders. He assists Dr. Simmons in surgery and also in assessing and caring for patients in the office.",physician,Male
"He practices in Chesterfield, Missouri and has the professional credentials of . The NPI Number for Ryan Vallo is 1164963153 and he holds a License No. 2017007596 (Missouri).",physician,Male
"He practices in Missouri City, Texas and has the professional credentials of MD. The NPI Number for Timothy B Galang is 1639132335 and he holds a License No. 31887 (Arizona).",physician,Male
"His patients gave him an average rating of 3.5 out of 5 stars. He honors Anthem, Blue Cross/Blue Shield, and Blue Shield, in addition to other insurance carriers. Dr. Liang graduated from Tufts University School of Medicine. Dr. Liang has received professional recognition including the following: Southern California Rising Stars. Dr. Liang (or staff) is conversant in Spanish and Cantonese. He is affiliated with Huntington Hospital and Physician Associates IPA - Methodist.",physician,Male
"His passions for environmental and human rights is reflected in his writing. He grew up with, and enjoys the sport of ice hockey, and currently lives in Iowa. Tweet",physician,Male
He earned his medical degree from the University of Miami Medical School in 1987. Dr. Montague completed his internship and residency at University of Miami/Jackson Memorial Hospital. He also holds a Ph.D in physical chemistry from the University of Florida. Hospital Affiliation,physician,Male
"Dr. Bruce earned his bachelor of science from Idaho State University in Pocatello, Idaho. He earned his doctorate of medicine from the University of Washington School of Medicine in Seattle, Washington. Dr. Bruce completed the Phoenix Integrated Residency in Obstetrics and Gynecology at Maricopa Medical Center and St. Joseph’s Hospital and Medical Center in Phoenix, Arizona. Dr. Bruce’s special interests include low risk and high risk obstetrics and minimally invasive gynecology. Dr. Bruce speaks both English and Spanish.",physician,Male
"Mr. Bobadilla practices medicine in Columbia, SC and specializes in Cardiovascular Disease. Mr. Bobadilla is affiliated with Palmetto Health Richland Hospital and Providence Hospital.",physician,Male
"He practices in Anchorage, Alaska and has the professional credentials of MD. The NPI Number for David G Chamberlain is 1407895949 and he holds a License No. 3656 (Alaska).",physician,Male
"He is a graduate of the University of Arizona College of Medicine. He trained at a hospital affiliated with the University of Cincinnati for residency. Dr. Winfield accepts Anthem, Blue Cross/Blue Shield, and Medi-Cal, in addition to other insurance carriers. He is affiliated with Sutter Medical Network, Sutter Auburn Faith Hospital, and Sutter Davis Hospital. New patients are welcome to contact his office for an appointment.",physician,Male
"He has been practicing for 48 years and received his medical degree from Kabul Medical University. Dr. Mohammad Rahmany is affiliated with Community Hospital in Munster, Indiana and accepts health insurance from Advantage Health Anthem. No Reviews Favorite",physician,Male
"He graduated from Columbia University, College of Physicians and Surgeons. Dr. Opotowsky's residency was performed at Brigham and Women's Hospital. He has a special interest in exercise physiology, pulmonary hypertension, and congenital heart disease. Dr. Opotowsky accepts Medicare insurance. He has received the following distinctions: Alpha Omega Alpha and Elected Member, Gold Humanism Honor Society. He is professionally affiliated with Boston Children's Hospital, Brigham and Women's Hospital (BWH), and Children's Hospital Boston. Dr. Opotowsky is not currently accepting new patients.",physician,Male
"He has over 13 years of experience in HIV prevention and treatment in Southeast Asia. Prior to joining SEARCH in 2013, he was Country Director of the Harvard Medical School AIDS Initiative in Vietnam (HAIVN) for 8 years. Dr. Colby has co-authored over 20 HIV related articles.",physician,Male
"Mr. Rammer practices medicine in Wausau, WI and 1 other location and specializes in Urgent Care Medicine. Mr. Rammer is affiliated with Aspirus Wausau Hospital, Saint Clare Hospital & Health Services, Ministry Saint Michaels Hospital and Ministry Saint Clares Hospital. Mr. Rammer speaks English and Spanish.",physician,Male
"He is professionally affiliated with UPMC St. Margaret. He is a graduate of Philadelphia College of Osteopathic Medicine. Dr. Petz trained at the University of Pittsburgh Medical Center (UPMC) for his residency. Patient reviews placed Dr. Petz at an average of 5.0 stars out of 5. He takes United Healthcare Platinum, United Healthcare Compass, and United Healthcare Navigate, as well as other insurance carriers.",physician,Male
"Patient reviews placed Dr. Friedman at an average of 4.0 stars out of 5. In his practice, he is particularly interested in glaucoma and cataracts. He is in-network for Blue Cross Blue Shield EPO, Blue Cross Blue Shield Bronze, and Blue Cross Blue Shield HMO, in addition to other insurance carriers. He graduated from Rosalind Franklin University of Medicine and Science, Chicago Medical School and then he performed his residency at Louisiana State University Health Sciences Center - New Orleans.",physician,Male
Dr. Buford has a 4.0 out of 5 star average patient rating. He honors Medicare insurance. He studied medicine at the University of Arkansas for Medical Sciences College of Medicine.,physician,Male
"Dr. Williamson's areas of clinical interest consist of diabetes, heart problems, and hypertension (high blood pressure). He honors Blue Cross/Blue Shield, Coventry, Aetna, and more. After completing medical school at the University of Cincinnati College of Medicine, he performed his residency at Rush University Medical Center. His hospital/clinic affiliations include Northwestern Memorial Hospital, Northwestern University Feinberg School of Medicine, and Jesse Brown VA Medical Center. Dr. Williamson is accepting new patients.",physician,Male
"Mr. Dixon practices medicine in Tempe, AZ and specializes in Urgent Care Medicine. Mr. Dixon is affiliated with Chandler Regional Medical Center. Mr. Dixon speaks English and Spanish.",physician,Male
"He is one of the original Founders of Utah Spine Care. He specializes in Neck and Back pain including pain in the shoulders, arms and legs that can be a result of spinal problems such as Sciatica, Radiculopathy, Herniated discs, Degenerated Spine and/or discs, Spinal stenosis, Spinal degeneration, Facet disease and Arthritis. He also specializes in Headaches caused by neck injury and spinal arthritis. He has been performing many variations of Spinal injections and interventions for greater than 20 years.",physician,Male
"He accepts Blue Cross/Blue Shield, Blue Choice, and Blue Cross Blue Shield Bronze, as well as other insurance carriers. He is professionally affiliated with Detroit VA Medical Center.",physician,Male
"Dr. Metzl's clinical interests include sports health. He is rated 3.5 stars out of 5 by his patients. He accepts several insurance carriers, including Blue Cross, Blue Cross/Blue Shield, and Aetna. He has received professional recognition including the following: ""Best Doctors in New York,"" New York magazine, 2009, 2010, 2011. He is affiliated with Hospital for Special Surgery. Dr. Metzl's practice is open to new patients.",physician,Male
"Joseph’s Hospital and Medical Center. Dr. Boddupalli accepts inpatient consultations with the Academic Hospitalists. His interests include internal medicine, infectious disease, travel health medicine, obesity and academic medicine. He is a member of the American Medical Association, American College of Physicians and Society of General Internal Medicine. Dr. Boddupalli received his medical degree from the D.Y Patil Medical College in India. He completed his residency and served as Chief Resident at St Joseph’s Hospital and Medical Center in Internal Medicine. Dr. Boddupalli is currently serving as the clerkship director for Internal Medicine department. In addition, Dr. Boddupalli speaks Hindi and other Indian languages.",physician,Male
"Dr. Bond is a graduate of Baylor College of Medicine. Patient reviews placed him at an average of 3.0 stars out of 5. He is an in-network provider for Aetna EPO, Blue Cross/Blue Shield, and Aetna HSA, in addition to other insurance carriers.",physician,Male
"After receiving post graduate degrees in public health and health policy he spent 13 years in Boston USA. He initially worked for an international consulting company establishing the International Network for the Rational Use of Drugs and was an editor for Managing Drug Supply, 2nd edition.",physician,Male
"He has a vast educational background ranging from a Bachelor of Science in Medical Technology, a Masters of Nutrition and Human Performance, and a Doctorate of Chiropractic. He has participated in internships at North Kansas City Hospital and Mercy Hospital in St. Louis. He is owner of Total Health Correction Wellness and Chiropractic, Total Health Integrated Clinic, and the developer of Neuroredeem©. Dr. Thomas uses his vast knowledge of neurology and hypnosis to deliver a unique perspective on client care.",physician,Male
"He is an in-network provider for several insurance carriers, including Humana HMO, Humana Bronze, and Humana Catastrophic. Dr. Chatterjee is a graduate of Maulana Azad Medical College. In addition to English, Dr. Chatterjee (or staff) speaks Hindi. Dr. Chatterjee has an open panel.",physician,Male
"Mr. Yang practices medicine in Baltimore, MD and specializes in Gastroenterology. Mr. Yang is affiliated with Mercy Medical Center. Mr. Yang speaks English and Russian.",physician,Male
"His recent acting credits include attendant in Hamlet, King Lear, Romeo and Juliet, soldier/assistant bishop in Richard III (CSF) and Telemann in Bach at Leipzig (Boulder Ensemble Acting Company). (5 seasons)",physician,Male
"He is affiliated with Texas Health Dallas. He attended the University of Texas Southwestern Medical School and then went on to complete his residency at Parkland Health & Hospital System. Dr. Cohen has a 4.5 out of 5 star average patient rating. He takes several insurance carriers, including Blue Cross Blue Shield Bronze, Blue Cross Blue Shield HMO, and Blue Cross Blue Shield Gold. Dr. Cohen welcomes new patients.",physician,Male
"Dr. Drake's areas of clinical interest consist of shoulder surgery and spine surgery procedures. Patients rated him highly, giving him an average of 4.0 stars out of 5. He takes Aetna EPO, Blue Cross/Blue Shield, and Coventry, in addition to other insurance carriers. He is a graduate of Kansas City University of Medicine and Biosciences (KCUMB), College of Osteopathic Medicine and a graduate of Botsford Hospital's residency program. He is affiliated with Alexian Brothers Medical Center and St. Alexius Medical Center.",physician,Male
"He is professionally affiliated with VA Eastern Colorado Health Care System. He studied medicine at the University of Texas Southwestern Medical School. Patient reviews placed Dr. Attwell at an average of 5.0 stars out of 5. He honors several insurance carriers, including Humana HMO, Humana Bronze, and Humana Catastrophic.",physician,Male
"Mr. Fogg practices medicine in Grants Pass, OR and specializes in Family Medicine and Internal Medicine - Geriatrics. Mr. Fogg is affiliated with Asante Three Rivers Medical Center. Mr. Fogg speaks English and Spanish.",physician,Male
"Patients gave Dr. Morrison an average rating of 4.0 stars out of 5. He accepts Blue Cross Blue Shield EPO, Blue Cross Blue Shield Bronze, and Blue Cross Blue Shield HMO, in addition to other insurance carriers. He is a graduate of Louisiana State University School of Medicine in New Orleans.",physician,Male
He earned his bachelor’s degree in history and biology from Columbia University and his medical degree from Stony Brook University Health Sciences Center School of Medicine.,physician,Male
Dr. Crawford graduated from Creighton University School of Medicine. He is rated 4.5 stars out of 5 by his patients. He is an in-network provider for Medicare insurance. He is professionally affiliated with Roger Williams Medical Center (RWMC).,physician,Male
"He attended medical school at New York Medical College. Dr. Hirth has received a 4.0 out of 5 star rating by his patients. He honors Blue Cross Blue Shield EPO, Blue Cross Blue Shield Bronze, and Blue Cross Blue Shield HMO, as well as other insurance carriers.",physician,Male
"He is affiliated with Saint Clare’s Hospital-Boonton in Boonton, New Jersey and accepts health insurance from Aetna BCBS Blue Card. Dr. Philip Scaduto has been practicing for 33 years and received his medical degree from University of Medicine and Dentistry of New Jersey. No Reviews Favorite",physician,Male
"He takes United Healthcare Compass, Blue Cross/Blue Shield, Blue Choice, and more. Dr. Owen has received the following distinction: Texas Rising Stars.",physician,Male
"His patients gave him an average rating of 4.5 out of 5 stars. Dr. Logrono honors several insurance carriers, including Blue Cross Blue Shield EPO, Blue Cross Blue Shield Bronze, and Blue Cross Blue Shield HMO. He is a graduate of National University of Pedro Henriquez Urena and a graduate of Woodhull Medical Center's residency program. Dr. Logrono is conversant in Spanish. He is affiliated with Memorial Hospital West.",physician,Male
"He is board-certified in internal medicine and allergy and clinical immunology.He has a specialty practice limited to allergy and clinical immunology and sees adult and pediatric patients. Dr. Hsieh currently has conducted research funded by the National Institutes of Health and was previously funded by the Howard Hughes Medical Institute. His work has been recognized by the American Academy of Allergy, Asthma, and Immunology Respiratory Diseases Research Award and the Glaxo-Wellcome Allergy Fellowship Award. Education & Professional Highlights",physician,Male
"His average patient rating is 4.5 stars out of 5. He accepts Anthem, ConnectiCare, and Blue Cross/Blue Shield, as well as other insurance carriers. Dr. Nudel is a graduate of New York University (NYU) School of Medicine. For his professional training, Dr. Nudel completed a residency program at a hospital affiliated with Stony Brook University Medical Center. In addition to English, Dr. Nudel (or staff) speaks Hebrew and Spanish. Dr. Nudel is professionally affiliated with Yale New Haven Health System. He is accepting new patients.",physician,Male
"His areas of expertise consist of menopause, osteoporosis, and hormone replacement therapy. The average patient rating for Dr. Bender is 4.5 stars out of 5. He is an in-network provider for Anthem, Blue Cross/Blue Shield, and Aetna, in addition to other insurance carriers. Before completing his residency at Pennsylvania Hospital, Dr. Bender attended medical school at Rosalind Franklin University of Medicine and Science, Chicago Medical School. In addition to English, he speaks Hebrew. Dr. Bender is professionally affiliated with Providence Tarzana Medical Center. Dr. Bender welcomes new patients.",physician,Male
"In his practice, he is particularly interested in intense pulsed light (IPL) therapy, injectable fillers, and botox injection. He is professionally affiliated with VA Palo Alto Health Care System (VAPAHCS). Dr. Gordon studied medicine at Emory University School of Medicine. He completed his residency training at Stanford University Medical Center. He honors Anthem, Blue Cross/Blue Shield, Blue Shield, and more.",physician,Male
"Frustrated with the results of classic technical analysis, Mr. Fell pursued a trend following approach based on simple mathematics and chart symmetry. This approach he found to be more objective and a better predictor of future price moves, largely because the trading signal is the cause of the price move. Mr. Fell has authored Back to the Futures which explains this system for trading.",physician,Male
"Patients gave Dr. Weiner an average rating of 3.5 stars out of 5. He honors Amerigroup, Blue Cross/Blue Shield, and Aetna, in addition to other insurance carriers. He is a graduate of Thomas Jefferson University, Jefferson Medical College and a graduate of Christiana Hospital's residency program. Dr. Weiner is professionally affiliated with Virtua Physician Partners.",physician,Male
"He has clinical and surgical experience as well as conservative spine treatment experience. Nick works closely with Dr. Ensor Transfeldt as well as the rest of the Twin Cities Spine Center care team. He evaluates and treats patients in the clinic and hospital setting, rounds on hospital patients, and assists in surgery. Nick focuses on conservative treatment for patients' spine needs.",physician,Male
"He is especially interested in primary care, diabetes management, and asthma. Dr. Clavecillas is in-network for Anthem, Blue Cross/Blue Shield, and Medi-Cal, as well as other insurance carriers. He studied medicine at West Visayas State University College of Medicine. He speaks Filipino. He is professionally affiliated with Providence Medical Institute and HealthCare Partners IPA - Little Company of Mary. Dr. Clavecillas has an open panel.",physician,Male
"He practices in Birmingham, Alabama and has the professional credentials of MD PC. The NPI Number for Dr. Greg E Eudy is 1154426872 and he holds a License No. 25913 (Alabama).",physician,Male
"Dr. Joseph's areas of expertise include the following: knee problems, thyroid problems, and depression. He honors AvMed, United Healthcare Compass, and United Healthcare Navigate, in addition to other insurance carriers. After attending the University of Puerto Rico School of Medicine, he completed his residency training at Henry Ford Hospital. He is professionally affiliated with South Miami Hospital. New patients are welcome to contact Dr. Joseph's office for an appointment.",physician,Male
"Dr. Grybauskas is in-network for Humana HMO, Humana Bronze, Humana Catastrophic, and more. He attended the University of Illinois College of Medicine at Chicago and then went on to complete his residency at a hospital affiliated with the University of Illinois at Chicago. In addition to English, he speaks Lithuanian. He is professionally affiliated with Palos Hospital. He is accepting new patients.",physician,Male
"He received his BA in humanities from the University of Connecticut and his MD from NYU. He completed his residency at SUNY in Syracuse. Gordon spent 36 years at Kaiser Permanente and read only medical journals. He no longer diagnoses maladies but, along with his wife Civia, delights in dissecting literature.",physician,Male
"His clinical interests include eyelid surgery, facelift, and thigh lift (thighplasty). Patients gave Dr. Lober an average rating of 4.5 stars out of 5. He is in-network for Humana HMO, Humana Bronze, Humana Catastrophic, and more.",physician,Male
"He is certified by the National Commission on Certification of Physician Assistants and National Commission of Certification of Physician Assistants. His professional interests are general orthopedics, sports medicine and hand surgery.Mr. Jamieson received his Bachelor of Arts degree in Biology from Fort Lewis College in Durango, Colorado, with a Certificate in Physician Assistant Education from the University of Alabama at Birmingham.For the most part, Peter has been a resident of the Durango area since 1974. He is interested in mountaineering, skiing and hiking. His mountaineering experience includes expeditions to the Himalaya, where he became the 14th American to reach the summit of Mount Everest in 1983. He and his wife, Gwenda, can be found in the mountains and canyons of the Southwest when not in the operating room or clinic.",physician,Male
"A medical graduate from Cayetano Heredia University, he completed his training in Internal Medicine and Gerontology at Union Memorial Hospital and University of Maryland. He has successfully participated in over 165 clinical trials in the past 10 years.",physician,Male
"With more than 20 years of experience in the health and fitness industry, Dr. Ball is dedicated and committed to helping his patients minimize their pain and maximize their overall health. He immediately became intrigued by the science behind HOTSHOT when he first tried it at the Patriot Half Ironman in East Freetown, Massachusetts earlier this year. With his personal experience as an athlete and his knowledge of exercise physiology, Dr. Ball offered his perspective on HOTSHOT and why he believes in the science it’s built upon:",physician,Male
"Clinical interests for Dr. Mallory include lung transplant, cystic fibrosis (CF), and asthma. His professional affiliations include Texas Children's Hospital (TCH) and Texas Medical Center (TMC). Dr. Mallory attended Albert Einstein College of Medicine of Yeshiva University for medical school and subsequently trained at Children's Hospital of Pittsburgh for residency. Dr. Mallory takes Blue Cross Blue Shield Bronze, Blue Cross Blue Shield HMO, and Blue Cross Blue Shield Gold, in addition to other insurance carriers.",physician,Male
"Mr. Riznyk practices medicine in Charlotte, NC and specializes in Orthopaedic Surgery. Mr. Riznyk is affiliated with Novant Health Charlotte Orthopedic Hospital and Carolinas Medical Center Mercy.",physician,Male
"He is a Fellow of the Royal Australian College of General Practitioners, and an experienced surgeon who routinely performs adult circumcision procedures as well as no-scalpel vasectomy.",physician,Male
"He is a graduate of the University of Southern California (USC), Keck School of Medicine. He trained at New York-Presbyterian Hospital and a hospital affiliated with Weill Cornell Medical College for residency. Dr. Berne is an in-network provider for Blue Cross/Blue Shield, Blue Cross Blue Shield EPO, and Blue Cross Blue Shield Bronze, in addition to other insurance carriers. Dr. Berne is affiliated with Broward Health Medical Center (BHMC).",physician,Male
"Mr. Dana S Harvey's NPI Number is #1225026966 and has been listed in the NPI registry for 11 years. Mr. Dana S Harvey's practice location is listed as: 210 E Crofoot Sheridan, MT 59749 and can be reached via phone at (406) 842-5056.",physician,Male
"After attending Columbia University, College of Physicians and Surgeons for medical school, Dr. Karp completed his residency training at the University of Chicago Medical Center. His average rating from his patients is 3.5 stars out of 5. He takes Medicare insurance. Dr. Karp is affiliated with Saint Peter's Healthcare System (New Jersey).",physician,Male
Michael’s Hospital in Toronto and an Assistant Professor at the University of Toronto. He is a well-known speaker in Emergency Medicine and is the recipient of teaching awards.,physician,Male
"He has a 4.0 out of 5 star average patient rating. Dr. Neiditz takes Blue Cross/Blue Shield, Blue Cross Blue Shield EPO, and Blue Cross Blue Shield Bronze, as well as other insurance carriers.",physician,Male
"He is professionally affiliated with South Florida Baptist Hospital, BayCare Physician Partners, and St. Joseph's Hospital - North. He is an in-network provider for Blue Cross Blue Shield EPO, Blue Cross Blue Shield Bronze, Blue Cross Blue Shield HMO, and more. Dr. Crescentini studied medicine at Florida State University College of Medicine. For his residency, Dr. Crescentini trained at a hospital affiliated with the University of Alabama.",physician,Male
"He has a 4.5 out of 5 star average patient rating. In his practice, he is particularly interested in colon cancer and flexible sigmoidoscopy. Dr. Varia honors Blue Cross/Blue Shield, Blue Cross Blue Shield Bronze, and Blue Cross Blue Shield HMO, in addition to other insurance carriers. He attended Temple University School of Medicine and then went on to complete his residency at a hospital affiliated with the University of Illinois. He has received professional recognition including the following: Texas Rising Stars. Dr. Varia is affiliated with Houston Methodist, CHI St. Luke's Health, and The Woodlands Hospital. He is accepting new patients.",physician,Male
"He currently holds the post of Director, Department of Research and Planning, Queen's Medical Center, Honolulu, Hawaii as well Associate Clinical Professor, Department of Geriatric Medicine, John A. Burns School of Medicine, University of Hawaii. Dr. Willcox is also Associate Director of Interdisciplinary Research on Aging at the Pacific Health Research Institute (PHRI) in Honolulu and Investigator, Geriatrics and Gerontology, PHRI, Kuakini Medical Center and Straub Hospital. Additionally, Dr. Willcox works as Staff Physician, Orthopedic Hospitalist Program, The Queen's Medical Center and Medical Team Care Attending Physician, John A. Burns School of Medicine, University of Hawaii and Medical Director, Willcox HealthSpan Clinic.",physician,Male
"Areas of expertise for Dr. Malave include arrhythmias (irregular heartbeats), heart valve disease, and angioplasty. He honors Humana HMO, Humana Bronze, and Humana Catastrophic, in addition to other insurance carriers. He graduated from Central University of Venezuela Faculty of Medicine. For his professional training, Dr. Malave completed a residency program at Baylor University Medical Center. Dr. Malave is professionally affiliated with Emory Healthcare.",physician,Male
"He practices in Alexandria, Louisiana and has the professional credentials of MD. The NPI Number for Larry Parker is 1093730137 and he holds a License No. 019598 (Louisiana).",physician,Male
"Areas of expertise for Dr. Dewolfe include skin lightening, mini tummy tuck, and liposonix. He is affiliated with Adventist Medical Center Hinsdale, Adventist Medical Center La Grange, and MacNeal Hospital. Before performing his residency at the University of Chicago Medical Center, Dr. Dewolfe attended Medical University of South Carolina College of Medicine and the University of Southern California (USC), Keck School of Medicine. His average patient rating is 5.0 stars out of 5. Dr. Dewolfe takes Blue Cross/Blue Shield, Coventry, and TRICARE, in addition to other insurance carriers.",physician,Male
"Mr. Sandhu practices medicine in Norman, OK and specializes in Cardiovascular Disease. Mr. Sandhu is affiliated with Norman Regional Health System. Mr. Sandhu speaks English and Spanish.",physician,Male
"Dr. Chirag Chovatia practices at Navkar Hospital in Bopal, Ahmedabad. He completed MBBS from M.P. Shah Medical College in Jamnagar in 1999 and MD - General Medicine from Pandit Deendayal Upadhyay Medical College in Rajkot in 2004.",physician,Male
"Mr. Boss practices medicine in Oklahoma City, OK and specializes in Urological Surgery and Gynecology. Mr. Boss is affiliated with Childrens Hospital At OU Medical Center. Mr. Boss speaks English and Spanish.",physician,Male
"He has been involved in healthcare policy for more than ten years, serving as an inclusive and tenacious advocate for patients and providers through his work on the board for the California Medical Association, American Medical Association Delegation, California Health Professions Education Foundation (Governor Appointee), CalOptima (Board of Supervisors Appointee) Drug Use Is Life Abuse, California Council for Excellence, Illumination Foundation, and American Heart Association’s California Advocacy Team.",physician,Male
"Mr. Prater practices medicine in Kennesaw, GA and specializes in Orthopaedic Surgery. Mr. Prater is affiliated with Emory Saint Josephs Hospital and Wellstar Kennestone Regional Medical Center. Mr. Prater speaks English and Spanish.",physician,Male
"He practices in Arlington, Texas and has the professional credentials of M.D.. The NPI Number for Dr. Charles C Owen Jr. is 1316938103 and he holds a License No. L8154 (Texas).",physician,Male
"Patient ratings for Dr. Passalaris average 5.0 stars out of 5. Clinical interests for Dr. Passalaris include mitral valve prolapse, heart attack, and syncope (fainting). Dr. Passalaris takes Blue Cross/Blue Shield, Viant, Aetna, and more. He attended medical school at SUNY Upstate Medical University. For his professional training, Dr. Passalaris completed residency programs at New York-Presbyterian Hospital, Memorial Sloan-Kettering Cancer Center, and a hospital affiliated with Weill Cornell Medical College. Dr. Passalaris's hospital/clinic affiliations include Capital Health and Princeton HealthCare System.",physician,Male
"He is rated highly by his patients. In his practice, he is particularly interested in knee problems, replacement arthroplasty (joint replacement), and hip problems. Dr. Duch is an in-network provider for United Healthcare Platinum, United Healthcare Compass, and United Healthcare Navigate, in addition to other insurance carriers. After completing medical school at Temple University School of Medicine, Dr. Duch performed his residency at Temple University Hospital. His hospital/clinic affiliations include St. Francis Hospital, St. Mary's Hospital, and Capital Health.",physician,Male
"His education and training includes medical school at Michigan State University College of Osteopathic Medicine and residency at St. John Macomb-Oakland Hospital. He is an in-network provider for Blue Cross Blue Shield EPO, Blue Cross Blue Shield Bronze, and Blue Cross Blue Shield HMO, in addition to other insurance carriers. Dr. Joorabchi is professionally affiliated with Memorial Hospital Miramar, Memorial Hospital Pembroke, and Memorial Hospital West.",physician,Male
He was head of the pain-treatment centre at the hospital of Grenoble during the last 17 years. He is in particular member from the French Society for the Study of Pain and from the International Association for the Study of Pain.,physician,Male
"He received his undergraduate degree in psychology from California State University, and graduated medical school from the University of Southern California School of Medicine. Following medical school, Dr. Luras participated in an internship and residency focusing on internal medicine at Santa Barbara Cottage Hospital in California.",physician,Male
"Mr. Dasnoit practices medicine in Greensboro, NC and specializes in Orthopaedic Surgery. Mr. Dasnoit is affiliated with Cone Health and Wesley Long Hospital. Mr. Dasnoit speaks English and Spanish.",physician,Male
"Patients gave him an average rating of 3.5 stars out of 5. He accepts United Healthcare EPO, United Healthcare Bronze, United Healthcare Silver, and more. Before performing his residency at a hospital affiliated with West Virginia University, Dr. Lacy attended the University of Arizona College of Medicine for medical school. He is professionally affiliated with Frye Regional Medical Center.",physician,Male
"He practices in Aberdeen, Idaho and has the professional credentials of PA-C. The NPI Number for Nicholas Wiilliam Winn is 1790295095 and he holds a License No. PA-1535 (Idaho).",physician,Male
"He received a bachelor’s degree in neuroscience from Brigham Young University (BYU). He also earned a Master of Physician Assistant Studies degree from AT Still University of Health Sciences in Mesa, Arizona. He practiced primarily with Mayo Clinic Health System in Minnesota before joining Rocky Mountain University… See more",physician,Male
"Mr. Mooring practices medicine in Greenville, NC and specializes in Orthopaedic Surgery. Mr. Mooring is affiliated with Vidant Chowan Hospital and Vidant Medical Center. Mr. Mooring speaks English, French, German, Polish, Chinese, Italian, Spanish, Portuguese, Russian, Arabic, Korean, Tagalog and Vietnamese.",physician,Male
"He has practiced yoga and meditation since 1974 and has been intensively involved in Buddhist practice since 2000. In addition, he has been a co-leader of a prison dharma program at Salinas Valley State Prison since 2003. Bruce also teaches beginners programs, mens retreats, new to practice programs for ISC. His practice is influenced by the Thai Forest Tradition, Dzogchen, Spirit Rock teachers and Shinzen Young. Bruce leads meditation and provides dharma talks on Wednesdays at 6:30 PM",physician,Male
"His areas of expertise include the following: minimally invasive surgery, hand problems, and tendon ruptures (tears). He is in-network for Humana HMO, Humana Bronze, and Humana Catastrophic, as well as other insurance carriers. Dr. Puri's education and training includes medical school at Tufts University School of Medicine and residency at a hospital affiliated with Tufts University. Dr. Puri is affiliated with Loyola Outpatient Center (LOC) and Loyola Center for Health at Burr Ridge.",physician,Male
"Ryan is a co-founder and Chief Medical Officer of Vynca, Inc., a Silicon Valley healthcare technology company whose mission is to improve care delivery at the end of life through a care coordination platform. Ryan is also a co-founder at AWAIR, Inc., a medical device company developing a catheter-based technology to reduce complications in the intensive care unit. He is a named inventor of a wide array of medical technologies. Ryan is a Clinical Instructor of Medicine in Pulmonary and Critical Care at Stanford University, where his academic focus is in technology assessment and in teaching biomedical innovation. Prior to medical school, Ryan worked in product development at GlaxoSmithKline.",physician,Male
"Ms. George practices medicine in Cambridge, MA and specializes in Urgent Care Medicine. Ms. George is affiliated with Mount Auburn Hospital and Newton-Wellesley Hospital. Ms. George speaks English, Spanish and Portuguese.",physician,Female
"Ms. Vanbecelaere practices medicine in Pittsburg, KS and specializes in Family Medicine. Ms. Vanbecelaere is affiliated with Via Christi Hospital Of Pittsburgh and Saint John Hospital.",physician,Female
"She attended the University of California, Davis, School of Medicine and subsequently trained at a hospital affiliated with the University of California, Davis for residency. Dr. Udoh-Esomonu is an in-network provider for Anthem, Blue Cross/Blue Shield, Medi-Cal, and more. She is professionally affiliated with Sutter Delta Medical Center and Sutter East Bay Medical Foundation (SEBMF).",physician,Female
"Ms. Robinson practices medicine in Pocatello, ID and 1 other location and specializes in Hematology/Oncology. Ms. Robinson is affiliated with Portneuf Medical Center and Eastern Idaho Regional Medical Center. Ms. Robinson speaks English and Spanish.",physician,Female
Radha received her Master of Science degree in Physician Assistant Studies at Wayne State University in 2010. She completed her Bachelor of Fine Arts at Wayne State University in 2006.,physician,Female
"Ms. Ness practices medicine in Edina, MN and specializes in Hematology/Oncology. Ms. Ness is affiliated with Abbott Northwestern Hospital and Fairview Southdale Hospital. Ms. Ness speaks English and Russian.",physician,Female
"Ms. Ramones practices medicine in Newark, NJ and specializes in Neurological Surgery. Ms. Ramones is affiliated with University Hospital. Ms. Ramones speaks English and Spanish.",physician,Female
"Ms. Gorenflo practices medicine in Mansfield, OH and 1 other location and specializes in Cardiovascular Disease. Ms. Gorenflo is affiliated with Samaritan Regional Health System, Bucyrus Community Hospital, Galion Community Hospital and Medcentral Mansfield Hospital.",physician,Female
"She is a member of the American Academy of Physician Assistants and the New Jersey State Society of Physician Assistants. Kristen received her Baccalaureate of Science from Virginia Polytechnic Institute and State University. She then went on to receive her Master of Science and Physician Assistant certification from Rutgers University in Newark, NJ.",physician,Female
"Ms. Perkes practices medicine in Blackfoot, ID and specializes in Family Medicine. Ms. Perkes is affiliated with Bingham Memorial Hospital. Ms. Perkes speaks English and Spanish.",physician,Female
"Dr. Olansky is board-certified in the subspecialty of endocrinology, diabetes and metabolism by the American Board of Internal Medicine. She sees patients at the Cleveland Clinic Stephanie Tubbs Jones Health Center in East Cleveland. Dr. Olansky's particular interests include Type 1 and Type 2 diabetes, diabetes complications and glucose sensing technology for management of diabetes. She was appointed to Cleveland Clinic in 2006.",physician,Female
"She speaks Spanish. Dr. Thompson's hospital/clinic affiliations include Memorial Hermann Southwest Hospital, Houston Methodist, and Tomball Regional Medical Center (TRMC). She is a graduate of Medical College of Wisconsin and a graduate of Advocate Lutheran General Hospital's residency program. She honors Blue Cross Blue Shield Bronze, Amerigroup Star, and Blue Cross Blue Shield Gold, as well as other insurance carriers.",physician,Female
"Ms. Nekooi practices medicine in Dickinson, TX and specializes in Family Medicine. Ms. Nekooi is affiliated with Clear Lake Regional Medical Center and Mainland Medical Center. Ms. Nekooi speaks English and Spanish.",physician,Female
"After completing medical school at National University of Ireland Galway, School of Medicine, she performed her residency at the University of Pittsburgh Medical Center (UPMC). In her practice, she is particularly interested in breast biopsy, breast cancer, and mammogram (breast X-ray). Dr. McGinty is in-network for Coresource, Blue Cross/Blue Shield, and Empire BlueCross BlueShield, as well as other insurance carriers. She is professionally affiliated with Weill Cornell Medicine.",physician,Female
"Ms. Flannery practices medicine in Seattle, WA and specializes in Plastic Surgery. Ms. Flannery is affiliated with University Of Washington Medical Center and Harborview Medical Center. Ms. Flannery speaks English, French, German and Spanish.",physician,Female
"Ms. Weatherford practices medicine in Oklahoma City, OK and specializes in Neurology. Ms. Weatherford is affiliated with OU Medical Center, VA Medical Center and OU Medical Center Childrens Hospital.",physician,Female
"Ms. Spiess practices medicine in Owosso, MI and specializes in Surgery. Ms. Spiess is affiliated with Memorial Healthcare. Ms. Spiess speaks English and Arabic.",physician,Female
"She works primarily with Dr. Douglas Brown who specializes in sports medicine and arthroscopic surgery. She joined OA in 1992, working in different capacities with several surgeons, until 2001. She rejoined OA in 2006.",physician,Female
"Ms. Phillips practices medicine in Charlotte, NC and specializes in Internal Medicine. Ms. Phillips is affiliated with Carolinas Medical Center Mercy and Carolinas Healthcare Medical Center. Ms. Phillips speaks English and Spanish.",physician,Female
"Ms. Berra practices medicine in Redwood City, CA and specializes in Cardiovascular Disease. Ms. Berra is affiliated with Sequoia Hospital. Ms. Berra speaks English and Spanish.",physician,Female
"She is an in-network provider for Medicare insurance. Dr. Sims attended medical school at the University of North Texas Health Science Center, Texas College of Osteopathic Medicine.",physician,Female
"Her patients gave her an average rating of 4.5 out of 5 stars. Dr. Hopkins accepts several insurance carriers, including Blue Cross Blue Shield EPO, Blue Cross Blue Shield Bronze, and Blue Cross Blue Shield HMO. She trained at a hospital affiliated with the University of Illinois at Chicago for residency. Dr. Hopkins is conversant in Spanish. Her hospital/clinic affiliations include BayCare Physician Partners and BayCare Medical Group.",physician,Female
"Ms. Strong practices medicine in Dickson City, PA and specializes in Pediatrics. Ms. Strong is affiliated with Moses Taylor Hospital and Regional Hospital Of Scranton.",physician,Female
Dr. Suszstak received integrated training as an MD/PhD followed by post-graduate training in Internal Medicine and in Nephrology. She also completed a Master of Clinical Research program to better understand clinical research study design and analysis. Currently Dr. Suszstak practices medicine and runs a research laboratory.,physician,Female
"Ms. Stanford practices medicine in Gulfport, MS and specializes in Internal Medicine. Ms. Stanford is affiliated with Memorial Hospital At Gulfport. Ms. Stanford speaks English and Spanish.",physician,Female
"Ms. Corriveau practices medicine in Purcellville, VA and 1 other location and specializes in Adolescent Medicine and Pediatrics. Ms. Corriveau is affiliated with Inova Loudoun Hospital. Ms. Corriveau speaks English and Spanish.",physician,Female
"She is a Physician Advisor in CPD for the College of Family Physicians of Canada, as well as an Assistant Clinical Professor for the Department of Family Medicine at McMaster University and the Assistant Director of the Standardized Patient Program at McMaster University. Dr. Harvey was the Chair of the Ontario College of Family Physicians’ CME/CPD Committee from 2002 to 2011 and the President of the Canadian Academy of Sport and Exercise Medicine in 2011.",physician,Female
"At the Lakeside Dermatology locations in Gurnee and Libertyville, Illinois, Ms. Sido offers both adult and pediatric patients the highest level of care possible. Ms. Sido specializes in treating dermatological conditions, including warts, moles, acne, and eczema.",physician,Female
"She is rated highly by her patients. Clinical interests for Dr. Peters include volbella, voluma, and kybella injection. She takes Blue Cross/Blue Shield, Coventry, and Aetna, in addition to other insurance carriers. Dr. Peters is a graduate of Vanderbilt University School of Medicine. She has received the distinction of RealSelf Top Doctor. In addition to English, she speaks Polish. She is affiliated with St. Joseph's Hospital, Adventist Medical Center Hinsdale, and Good Samaritan Hospital.",physician,Female
"Ms. Mccullough practices medicine in Jacksonville, FL and specializes in Family Medicine. Ms. Mccullough is affiliated with UF Health At Jacksonville and Shands Live Oak Regional Medical Center. Ms. Mccullough speaks English and Portuguese.",physician,Female
"Ms. Ledbetter practices medicine in Golconda, IL and 2 other locations and specializes in Family Medicine. Ms. Ledbetter is affiliated with Carlinville Area Hospital and Union County Hospital. Ms. Ledbetter speaks English and Spanish.",physician,Female
Ms. Rosen received her Master of Science Degree in Health Care Administration from Towson University and graduated from the Essex Community College Physician Assistant program. Ms. Rosen was one of the first two female firefighters in Maryland and is fluent in Spanish. Cross Roads Internal Medicine,physician,Female
"Mrs. Tina Rosylin Patel's NPI Number is #1467780445 and has been listed in the NPI registry for 7 years. Mrs. Tina Rosylin Patel's practice location is listed as: 7000 Stonewood Dr. Ste. 151 Wexford, PA 15090-7376 and can be reached via phone at (724) 933-0300.",physician,Female
"She practices in Beverly, Massachusetts and has the professional credentials of M.D.. The NPI Number for Danielle M Ledoux is 1528085982 and she holds a License No. 229695 (Massachusetts).",physician,Female
"She is especially interested in spasticity, chiari malformation, and cerebral palsy. Dr. Wu honors Anthem, Blue Cross/Blue Shield, and CIGNA Plans, as well as other insurance carriers. She graduated from Harvard Medical School. She completed her residency training at a hospital affiliated with the University of California, San Francisco (UCSF). Dr. Wu (or staff) is conversant in Mandarin and Spanish. She is professionally affiliated with Sutter Medical Network, Alta Bates Medical Group (ABMG), and UCSF Benioff Children's Hospitals. She is open to new patients.",physician,Female
"Ms. Hartman practices medicine in Tempe, AZ and specializes in Urgent Care Medicine. Ms. Hartman is affiliated with Chandler Regional Medical Center. Ms. Hartman speaks English and Spanish.",physician,Female
"Ms. Cole practices medicine in Trenton, KY and specializes in Family Medicine. Ms. Cole is affiliated with Jennie Stuart Medical Center. Ms. Cole speaks English and Spanish.",physician,Female
"Ms. Bagunu-Turnbull practices medicine in Fresno, CA and specializes in Dermatology. Ms. Bagunu-Turnbull is affiliated with Clovis Community Medical Center and Saint Agnes Medical Center. Ms. Bagunu-Turnbull speaks English and Spanish.",physician,Female
"Ms. Hoffman practices medicine in Louisville, KY and 1 other location and specializes in Internal Medicine. Ms. Hoffman is affiliated with Norton Hospital.",physician,Female
"Allyson has been part of Timeless Skin Solutions since the opening of their Dublin cosmetic dermatology spa in 2005. She is a member of the American Society for Laser Medicine & Surgery and the American Academy of Physician Assistants. In addition to treating patients, Allyson has traveled across the country to train physicians and other healthcare providers for Cutera®, one of the world's leading providers of laser and other light-based aesthetic systems. She is an invaluable member of the team.",physician,Female
"Ms. Alfieri practices medicine in New Hyde Park, NY and specializes in Neurodevelopmental Disabilities. Ms. Alfieri is affiliated with Long Island Jewish Medical Center. Ms. Alfieri speaks English, French, German, Polish, Chinese, Italian, Spanish, Portuguese, Russian, Arabic, Korean, Tagalog and Vietnamese.",physician,Female
"Dr. Bixler has indicated that her clinical interests include comprehensive ophthalmology. Her hospital/clinic affiliations include VA Ann Arbor Healthcare System (VAAAHS) and the University of Michigan (U-M) Health System. Her education and training includes medical school at Ohio State University College of Medicine and residency at California Pacific Medical Center. She is in-network for several insurance carriers, including Blue Cross Blue Shield Catastrophic, Blue Cross/Blue Shield, and Blue Choice.",physician,Female
"Ms. Quates practices medicine in Brookfield, WI and specializes in Developmental-Behavioral Pediatrics. Ms. Quates is affiliated with Childrens Hospital Of Wisconsin.",physician,Female
"She received her Masters of Science in Physician Assistant Studies at Le Moyne College in Syracuse, New York. She is board-certified and licensed in Minnesota to practice medicine. Originally from Pittsburgh, Pennsylvania she has greatly enjoyed living in the upper midwest and becoming part of the Greater Mankato Area community. When not practicing medicine her hobbies include boating the local lakes with her husband and friends, crossfit, quilting, baking and traveling.",physician,Female
"Ms. Mccarty practices medicine in Cleveland, OH and specializes in Pulmonary Disease. Ms. Mccarty is affiliated with Cleveland Clinic. Ms. Mccarty speaks English, Spanish and Arabic.",physician,Female
"Ms. Wright practices medicine in Salt Lake City, UT and specializes in Family Medicine. Ms. Wright is affiliated with LDS Hospital and Intermountain Medical Center. Ms. Wright speaks English and Spanish.",physician,Female
"She is also an astronaut preparing for two crucial space missions. When they take off, she will be only the third woman of Indian origin, after Kalpana Chawla and Sunita Williams, to fly to space.",physician,Female
"Ms. Neukirch practices medicine in Riverside, IA and specializes in Family Medicine. Ms. Neukirch is affiliated with University Of Iowa Hospitals & Clinics. Ms. Neukirch speaks English and Spanish.",physician,Female
"Dr. Rodriguez-Amador is rated 3.5 stars out of 5 by her patients. Her clinical interests include trauma. She is affiliated with Northport VA Medical Center. She honors several insurance carriers, including Blue Cross/Blue Shield, Delta Dental, and TRICARE. Dr. Rodriguez-Amador attended medical school at Central University of the Caribbean School of Medicine. Her medical residency was performed at New York-Presbyterian Hospital and Columbia University Medical Center.",physician,Female
"Dr. Brayer's education and training includes medical school at the University of Arizona College of Medicine and residency at California Pacific Medical Center. Her areas of expertise include the following: internal medicine, women's health issues, and sports health. Patients rated her highly, giving her an average of 5.0 stars out of 5. She is in-network for Anthem, Blue Cross/Blue Shield, and Medi-Cal, in addition to other insurance carriers. Dr. Brayer's professional affiliations include Sutter Medical Network and Sutter Pacific Medical Foundation. She is not accepting new patients at this time.",physician,Female
"Ms. Perkins practices medicine in Charlotte, NC and specializes in Rheumatology. Ms. Perkins is affiliated with Novant Health Presbyterian Medical Center. Ms. Perkins speaks English and Spanish.",physician,Female
"Ms. Sentell practices medicine in New York, NY and 1 other location and specializes in Orthopaedic Surgery. Ms. Sentell is affiliated with Morgan Stanley Childrens Hospital, New York Presbyterian Westchester Division and New York Presbyterian Hospital Columbia University Medical Center.",physician,Female
"Ms. Guzman practices medicine in Miami, FL and 1 other location and specializes in Urological Surgery. Ms. Guzman is affiliated with Boca Raton Regional Hospital, University Of Miami Hospital and University Miami Sylvester Comprehensive Cancer Center. Ms. Guzman speaks English and Spanish.",physician,Female
"She received her undergraduate degree from Southern Nazarene University in 2008 with a multidisciplinary degree in Biology-Chemistry and Business. She then attended PA school at the University of Oklahoma Health Science Center, graduating in 2011. She has worked primarily in Pediatrics since her graduation. She had spent most of her career practicing in Colorado Springs, Colorado before joining A Place to Grow Pediatrics in September of 2017.",physician,Female
"She graduated from Daoist Traditions College of Chinese Medical Arts in Asheville, NC where she earned her Masters degree in Chinese Medicine. She received a bachelors degree with a major of Wellness and Alternative Medicine from Johnson State College. Nemesia treats patients in the Community Acupuncture setting and also takes private appointments. She utilizes various modalities of Chinese Medicine including acupuncture, herbology, cupping, gua sha and tui na.",physician,Female
"Ms. Erica A. Kilnoski's NPI Number is #1245348127 and has been listed in the NPI registry for 10 years. Ms. Erica A. Kilnoski's practice location is listed as: 1001 Risen Son Blvd Council Bluffs, IA 51503-1910 and can be reached via phone at (712) 256-8600.",physician,Female
"She works closely with patients to help them remove obstacles to their health as a primary means of resolving their wellness challenges and restoring their health. She facilitates this by providing a foundation for health & wellness through nutrition and lifestyle suggestions as well as customized, targeted therapies that unravel the disease process. In order to facilitate a return to optimum health, she creates a unique relationship with every patient and tailors her treatments to address their individual health concerns. Blending cutting-edge research with ancient therapies to successfully treat children, teens and adults of all ages, Dr. Huffman is also a practitioner of biotherapeutic drainage, an advanced treatment modality used to achieve consistently superior, health-enhancing results.",physician,Female
"Ms. Koberling practices medicine in Akron, OH and specializes in Orthopaedic Surgery. Ms. Koberling is affiliated with Medina Hospital, Summa Akron City Hospital, Akron General Medical Center and Summa Barberton Hospital.",physician,Female
"Ms. Francis practices medicine in Charlotte, NC and specializes in Cardiovascular Disease. Ms. Francis is affiliated with Carolinas Medical Center-Union, Carolinas Healthcare Medical Center and Carolinas Medical Ctr-Pineville.",physician,Female
"Ms. Geweke practices medicine in Marysville, CA and 1 other location and specializes in Dermatology. Ms. Geweke is affiliated with Rideout Memorial Hospital.",physician,Female
"Ms. Halm practices medicine in Fort Pierce, FL and specializes in Internal Medicine. Ms. Halm is affiliated with Lawnwood Regional Medical Center And Heart Institute.",physician,Female
"Ms. Oprea practices medicine in Scottsdale, AZ and specializes in Family Medicine. Ms. Oprea is affiliated with Banner Baywood Medical Center. Ms. Oprea speaks English and Spanish.",physician,Female
"Ms. Rankin practices medicine in Columbus, OH and specializes in Family Medicine. Ms. Rankin is affiliated with Mount Carmel East Hospital and Nationwide Childrens Hospital. Ms. Rankin speaks English, Italian and Russian.",physician,Female
"Ms. Jimenez practices medicine in Covina, CA and specializes in Otolaryngology. Ms. Jimenez is affiliated with Citrus Valley Medical Center, Citrus Valley Medical Center, Foothill Presbyterian Hospital and San Dimas Community Hospital. Ms. Jimenez speaks English, Chinese, Spanish and Tagalog.",physician,Female
"Ms. Myrfield practices medicine in Red Lake Falls, MN and 1 other location and specializes in Family Medicine. Ms. Myrfield is affiliated with Riverview Health. Ms. Myrfield speaks English and Spanish.",physician,Female
"Ms. Jennifer Bruno's NPI Number is #1821098559 and has been listed in the NPI registry for 11 years. Ms. Jennifer Bruno's practice location is listed as: 600 Plaza Ct Suite C E Stroudsburg, PA 18301-8263 and can be reached via phone at (570) 421-7020.",physician,Female
"Ms. Heffernan practices medicine in Pottstown, PA and specializes in Family Medicine. Ms. Heffernan is affiliated with Pottstown Memorial Medical Center. Ms. Heffernan speaks English and Spanish.",physician,Female
She received her infectious disease fellowship and internal medicine residency training at Rush University Medical Center. She has experience in epidemiology research as the CORE Center site PI for the NIAID-funded Multicenter AIDS Cohort Study (MACS). She also provides primary care to HIV-infected Hispanic/Latino patients in the bilingual clinic at the Ruth M. Rothstein CORE Center for the past 11 years.,physician,Female
"Ms. Tiernan practices medicine in Dubuque, IA and 1 other location and specializes in General Practice. Ms. Tiernan is affiliated with Mercy Hospital and The Finley Hospital. Ms. Tiernan speaks English, French, Chinese and Spanish.",physician,Female
"Dr. Domico is board certified in Pediatrics and Pediatric Critical Care Medicine. She received her medical degree from and completed her Pediatric Residency training at the University of Texas Health Science Center in San Antonio. After completing her Pediatric Critical Care Fellowship at Harbor-UCLA Medical Center, she worked in London at the Great Ormond Street Hospital as a Senior Fellow in Pediatric Cardiac Intensive Care/ECMO. She specializes in the care of infants and children after cardiac surgery.",physician,Female
"She graduated with honors in 2016. Having more than 1 years of diverse experiences, especially in PHYSICIAN ASSISTANT, Jamie L Webb affiliates with Randolph Hospital, and cooperates with other doctors and specialists in medical group Fastmed Urgent Care Pc. Call Jamie L Webb on phone number (336) 625-2560 for more information and advises or to book an appointment.",physician,Female
"Ms. Neiman practices medicine in Moville, IA and specializes in Family Medicine. Ms. Neiman is affiliated with Saint Lukes Regional Medical Center and Mercy Medical Center Sioux City.",physician,Female
"Ms. Eckert practices medicine in Saint Petersburg, FL and specializes in Internal Medicine. Ms. Eckert is affiliated with Bayfront Medical Center, Edward White Hospital and St Anthonys Hospital. Ms. Eckert speaks English and Spanish.",physician,Female
"Dr. Neddenriep is affiliated with Banner Health. Humana HMO, Humana Bronze, and Humana Catastrophic are among the insurance carriers that Dr. Neddenriep takes. Before completing her residency at Arizona Health Sciences Center, Dr. Neddenriep attended medical school at the University of Nevada School of Medicine.",physician,Female
"She is board certified in integrative medicine and runs an integrative medicine clinic in Santa Cruz, CA. She’s also the author of the newly-released book BodyWise, a popular speaker and teacher, a devoted mom, an avid environmentalist and an upcoming Food Revolution Summit Speaker! Click here to visit Dr. Adams' website: www.DoctorRachel.com",physician,Female
"Ms. Hussey practices medicine in Fort Mitchell, KY and specializes in Psychiatry. Ms. Hussey is affiliated with St Elizabeth Healthcare Ft Thomas. Ms. Hussey speaks English and Tagalog.",physician,Female
"Ms. Gonzales practices medicine in Raleigh, NC and specializes in Neurology. Ms. Gonzales is affiliated with Wakemed Cary Hospital, Rex Hospital and Wakemed Raleigh Campus. Ms. Gonzales speaks English and Spanish.",physician,Female
"Ms. Stidham practices medicine in Cincinnati, OH and specializes in Pediatrics. Ms. Stidham is affiliated with Bethesda North Hospital, Christ Hospital, Good Samaritan Hospital and Childrens Hospital Medical Center. Ms. Stidham speaks English and Spanish.",physician,Female
"She graduated from R Franklin Univ Of Med & Sci in 1981 and specializes in family medicine. She is also the Medical Director of LuxeSkin Med Spa in Naperville, Illinois.",physician,Female
"Ms. Mcglynn practices medicine in Redding, CA and 1 other location and specializes in Psychiatry. Ms. Mcglynn is affiliated with Mercy Medical Center Redding and Shasta Regional Medical Center.",physician,Female
"Ms. Gonzalez practices medicine in Los Angeles, CA and 1 other location and specializes in Urological Surgery. Ms. Gonzalez is affiliated with Childrens Hospital Los Angeles, Rancho Los Amigos National Rehabilitation Center, LAC USC Medical Center, Cedars-Sinai Medical Center and USC Norris Cancer Hospital. Ms. Gonzalez speaks English, Chinese, Spanish and Korean.",physician,Female
"She takes Medicare insurance. Dr. Garrett's education and training includes medical school at Columbia University, College of Physicians and Surgeons and residency at Brigham and Women's Hospital and Groote Schuur Hospital. Her hospital/clinic affiliations include PeaceHealth Sacred Heart Medical Center at RiverBend and PeaceHealth Sacred Heart Medical Center University District.",physician,Female
Department of Veterans Affairs (VA) with a focus on Clinical Decision Support (CDS). She is currently a Visiting Research Fellow in the Department of Biomedical Informatics at Vanderbilt University.,physician,Female
"Ms. Branyon practices medicine in Pendleton, SC and specializes in Family Medicine. Ms. Branyon is affiliated with Anmed Health and Oconee Medical Center. Ms. Branyon speaks English and Spanish.",physician,Female
"Patient ratings for Dr. Blanchet average 4.5 stars out of 5. Her clinical interests include tummy tuck revision, general reconstruction, and body contouring. She honors Medicare insurance. She studied medicine at New York University (NYU) School of Medicine. Dr. Blanchet's medical residency was performed at a hospital affiliated with Virginia Commonwealth University (VCU). Her distinctions include: Chief of Plastic Surgery Johnston Willis-chippenham Hospitals; Voted One of Richmond's Best Plastic Surgeons; and Best Plastic Surgeon In Richmond, A Survey of Nurses & Doctors. Dr. Blanchet (or staff) speaks Spanish, French, and Italian. Her hospital/clinic affiliations include St. Francis Medical Center (Midlothian, VA), Bon Secours St. Mary's Hospital, and Chippenham Hospital.",physician,Female
"Dr. Ravitskiy attended New York University (NYU) School of Medicine and subsequently trained at Cooper University Hospital for residency. Her areas of expertise include birthmark removal, rosacea, and acne. She has a 5.0 out of 5 star average patient rating. She is in-network for Medicare insurance. Dr. Ravitskiy is professionally affiliated with Mount Carmel East.",physician,Female
"Dr. Koenig graduated from Weill Cornell Medical College. Her medical residency was performed at Hospital of the University of Pennsylvania and a hospital affiliated with Johns Hopkins University. She accepts Blue Cross/Blue Shield, Coventry, and TRICARE, in addition to other insurance carriers. Dr. Koenig's hospital/clinic affiliations include Hospital of the University of Pennsylvania (HUP) and Penn Presbyterian Medical Center.",physician,Female
"She completed her master of medical sciences and went on to earn her Ph.D from the Institute of Medicine, Chung Shan Medical University, Taichung, Taiwan",physician,Female
"She practices in Scottsdale, Arizona and has the professional credentials of M.D. The NPI Number for Dr. Anjushree Kumar is 1730310608 and she holds a License No. 0101265316 (Virginia).",physician,Female
Dr. Walker is an in-network provider for Medicare and Kaiser Permanente insurance. She attended medical school at Drexel University College of Medicine.,physician,Female
"Her primary focus is providing claims teams and network managers with predictive analytics-based software tools that help to improve outcomes for injured workers. Visit http://www.claraanalytics.com/ and follow CLARA analytics on LinkedIn, Facebook and Twitter.",physician,Female
"Ms. Bolgren practices medicine in Edina, MN and specializes in Orthopaedic Surgery. Ms. Bolgren is affiliated with Fairview Southdale Hospital and Abbott Northwestern Hospital.",physician,Female
"Mou Lian Qun practices at Ma Kuang Chinese Medicine & Research Centre Pte Ltd (Bedok Centre) in Bedok, Singapore,Ma Kuang Chinese Medicine & Research Centre Pte Ltd (Boon Keng) in Boon Keng, Singapore and Ma Kuang Chinese Medicine & Research Centre Pte Ltd (Tampines 503) in Tampines, Singapore. Some of the services provided by the her are: Rheumatology,Pain Management Counseling,Treatment for Urological Disorders,Pregnancy Care and Treatment for Gastrointestinal Disorders etc.",physician,Female
"She completed her Ob/Gyn residency training at St. Luke’s-Roosevelt Hospital Center, after earning her Doctor of Medicine degree from Georgetown University School of Medicine. Dr. Shapiro also earned her Master of Science degree from Georgetown University and Bachelor of Arts degree from Brandeis University. She belongs to the Connecticut State Medical Society, Fairfield County Medical Society, and New England Ob/Gyn Society, and has hospital appointments at St. Vincent's Medical Center and Surgery Center of Fairfield County. Dr. Shapiro is licensed to practice in Connecticut.",physician,Female
"Ms. Johnson practices medicine in Colorado Springs, CO and specializes in Internal Medicine - Geriatrics. Ms. Johnson is affiliated with Pikes Peak Regional Hospital & Surgery Center and Memorial Hospital In Part Of University Of Colorado Health. Ms. Johnson speaks English and Spanish.",physician,Female
"She practices in Annapolis, Maryland and has the professional credentials of M.D.. The NPI Number for Dr. Morgan Johnson Harris is 1801053574 and she holds a License No. D78424 (Maryland).",physician,Female
"Ms. Boone practices medicine in Mesa, AZ and 1 other location and specializes in Pediatric Gastroenterology. Ms. Boone is affiliated with Banner Thunderbird Medical Center, Carondelet Saint Josephs Hospital, Banner Desert Medical Center, Cardon Childrens Medical Center and Scottsdale Healthcare Shea Medical Center. Ms. Boone speaks English and Spanish.",physician,Female
"Ms. Losado practices medicine in McAllen, TX and specializes in Cardiovascular Disease. Ms. Losado is affiliated with Rio Grande Regional Hospital, Edinburg Childrens Hospital, South Texas Regional Medical Center and Mcallen Medical Center. Ms. Losado speaks English and Spanish.",physician,Female
"Ms. Weisenborn practices medicine in Buffalo, NY and specializes in General Practice. Ms. Weisenborn is affiliated with Buffalo General Medical Center and Erie County Medical Center. Ms. Weisenborn speaks English, French, Chinese and Spanish.",physician,Female
"Dr. Garima has Vast International Experience in Reputed Govt. Hospitals of India, Saudi Arabia & Iran.She did her MBBS from the Reputed King George Medical College, Lucknow in 1980.Dr. Garima worked as Senior Resident (Obstetrics & Gynaecology) at King Saud Hospital, Saudi Arabia for 16 years and is Currently Practising at Dr. Neelkamal's & Dr. Garima's Medical Clinic at Chiranjiv Vihar, Shastri Nagar, Ghaziabad.",physician,Female
